URL,80
GOBUSTER.COM,X,
a.starbucks.com,X,
autodiscover.starbucks.com,X,
www2.starbucks.com,X,
webmail.starbucks.com,X,
dialin.starbucks.com,X,
docs.starbucks.com,X,
apps.starbucks.com,X,
owa.starbucks.com,X,
outlook.starbucks.com,X,
search.starbucks.com,X,
me.starbucks.com,X,
mysite.starbucks.com,X,
red.starbucks.com,X,
partner.starbucks.com,X,
edge.starbucks.com,X,
mdm.starbucks.com,X,
sentry.starbucks.com,X,
s4.starbucks.com,X,
id.starbucks.com,X,
sim.starbucks.com,X,
phantom.starbucks.com,X,
geo.starbucks.com,X,
mi.starbucks.com,X,
pegasus.starbucks.com,X,
green.starbucks.com,X,
digital.starbucks.com,X,
sat.starbucks.com,X,
wifi.starbucks.com,X,
cert.starbucks.com,X,
vote.starbucks.com,X,
ra.starbucks.com,X,
stars.starbucks.com,X,
ext.starbucks.com,X,
testweb.starbucks.com,X,
sorry.starbucks.com,X,
workspace.starbucks.com,X,
fp.starbucks.com,X,
token.starbucks.com,X,
hybrid.starbucks.com,X,
aw.starbucks.com,X,
communities.starbucks.com,X,
www.alumni.starbucks.com,X,
mena.starbucks.com,X,
crl.starbucks.com,X,
athome.starbucks.com,X,
departments.starbucks.com,X,
philippines.starbucks.com,X,
beta.starbucks.com,X,
rsi.starbucks.com,X,
testshare.starbucks.com,X,
stories.starbucks.com,X,
investor.starbucks.com,X,
news.starbucks.com,X,
odyssey.starbucks.com,X,
mail.starbucks.com,X,
cloudapps.starbucks.com,X,
preview.starbucks.com,X,
groupon.starbucks.com,X,
refer.starbucks.com,X,
verde.starbucks.com,X,
ordering.starbucks.com,X,
blog.starbucks.com,X,
www.test.starbucks.com,X,
devweb.starbucks.com,X,
wwwstage.starbucks.com,X,
logindev.starbucks.com,X,
events.starbucks.com,X,
jobs.starbucks.com,X,
piglet.starbucks.com,X,
alumni.starbucks.com,X,
cascade.starbucks.com,X,
ucp.starbucks.com,X,
docstest.starbucks.com,X,
remote.starbucks.com,X,
cms.starbucks.com,X,
avm.starbucks.com,X,
dev.starbucks.com,X,
selfservice.starbucks.com,X,
relay.starbucks.com,X,
developer.starbucks.com,X,
xss.starbucks.com,X,
portal-test.starbucks.com,X,
atlas.starbucks.com,X,
transportation.starbucks.com,X,
members.starbucks.com,X,
win.starbucks.com,X,
mobile.starbucks.com,X,
careers.starbucks.com,X,
www.starbucks.com,X,
meet.starbucks.com,X,
mexico.starbucks.com,X,
community.starbucks.com,X,
share.starbucks.com,X,
trace.starbucks.com,X,
www.archive.starbucks.com,X,
gr.starbucks.com,X,
sage.starbucks.com,X,
activesync.starbucks.com,X,
origin-www.starbucks.com,X,
retail.starbucks.com,X,
connect.starbucks.com,X,
summer.starbucks.com,X,
es.starbucks.com,X,
teams.starbucks.com,X,
ie.starbucks.com,X,
archive.starbucks.com,X,
prisma.starbucks.com,X,
developers.starbucks.com,X,
one.starbucks.com,X,
ocsp.starbucks.com,X,
creative.starbucks.com,X,
ideas.starbucks.com,X,
spc.starbucks.com,X,
ranger.starbucks.com,X,
ray.starbucks.com,X,
happyhour.starbucks.com,X,
insight.starbucks.com,X,
acme.starbucks.com,X,
intl.starbucks.com,X,
ows.starbucks.com,X,
po1.starbucks.com,X,
www.me.starbucks.com,X,
spectrum.starbucks.com,X,
tea.starbucks.com,X,
www.mexico.starbucks.com,X,
tsc.starbucks.com,X,
connections.starbucks.com,X,
ipm.starbucks.com,X,
www.tea.starbucks.com,X,
dr-www.starbucks.com,X,
chd.starbucks.com,X,
itsm.starbucks.com,X,
www.cert.starbucks.com,X,
apply.starbucks.com,X,
vcse1.starbucks.com,X,
stagewww.starbucks.com,X,
ews.starbucks.com,X,
wwwb.starbucks.com,X,
fb1.starbucks.com,X,
hro.starbucks.com,X,
newstest.starbucks.com,X,
scmdev.starbucks.com,X,
jss.starbucks.com,X,
mbr.starbucks.com,X,
edam.starbucks.com,X,
fptest.starbucks.com,X,
via.starbucks.com,X,
bits.starbucks.com,X,
www.stories.starbucks.com,X,
www.dev.starbucks.com,X,
dpu.starbucks.com,X,
gsd.starbucks.com,X,
scm.starbucks.com,X,
ell.starbucks.com,X,
sdx.starbucks.com,X,
experience.starbucks.com,X,
help.starbucks.com,X,
bomgar.starbucks.com,X,
customerservice.starbucks.com,X,
app.starbucks.com,X,
microsite.starbucks.com,X,
play.starbucks.com,X,
www.central.starbucks.com,X,
quality.starbucks.com,X,
a.ns.e.starbucks.com,X,
f.ns.e.starbucks.com,X,
d.ns.e.starbucks.com,X,
c.ns.e.starbucks.com,X,
e.ns.e.starbucks.com,X,
b.ns.e.starbucks.com,X,
e.starbucks.com,X,
assets.starbucks.com,X,
GITHUB.COM,X,
orderingprofilecert.starbucks.com,X,
verde.starbucks.com,X,
id.starbucks.com,X,
relayprojtest.starbucks.com,X,
microstrategy.starbucks.com,X,
loadglobalsecureui.starbucks.com,X,
ipm-cert.starbucks.com,X,
passport.starbucks.com,X,
prodplmpub.starbucks.com,X,
bomgar.starbucks.com,X,
mena.starbucks.com,X,
bi-cap.starbucks.com,X,
stagesecurehost.openapi.starbucks.com,X,
outlookaddin.starbucks.com,X,
relaycert.starbucks.com,X,
bi-dc-cert.starbucks.com,X,
tst8crmapps.starbucks.com,X,
community.uat.starbucks.com,X,
certltyupg.starbucks.com,X,
sgsm.starbucks.com,X,
ra.starbucks.com,X,
webmail.starbucks.com,X,
certcrmasp-dr.starbucks.com,X,
testltycrmapps.starbucks.com,X,
testedqapps.starbucks.com,X,
certltyapps.starbucks.com,X,
prodltyupg-dr.starbucks.com,X,
certltyapps-oid.starbucks.com,X,
ipm.starbucks.com,X,
certpospa2.starbucks.com,X,
globalsecureui.starbucks.com,X,
bi-dev-mstr-web.starbucks.com,X,
awapi-cert.starbucks.com,X,
soa-prod.starbucks.com,X,
news.starbucks.com,X,
cloudid-cert.starbucks.com,X,
crl.starbucks.com,X,
testcdhapps.starbucks.com,X,
tstbi.starbucks.com,X,
devltycrmapps.starbucks.com,X,
soa-test.starbucks.com,X,
devbi.starbucks.com,X,
labaccess.starbucks.com,X,
testdesktop.starbucks.com,X,
certedqapps.starbucks.com,X,
sgsmtest.starbucks.com,X,
produpgpospa2-dr.starbucks.com,X,
mdm.starbucks.com,X,
appcafe.starbucks.com,X,
test1www.starbucks.com,X,
stagedeenstore.starbucks.com,X,
partner.starbucks.com,X,
tst1bi.starbucks.com,X,
openapi.starbucks.com,X,
connect.starbucks.com,X,
ews.starbucks.com,X,
edge.starbucks.com,X,
prodcrmpospa2-dr.starbucks.com,X,
tstplmpub.starbucks.com,X,
upstanders.starbucks.com,X,
globalassetshost.starbucks.com,X,
wwwstage.starbucks.com,X,
digitalassets.starbucks.com,X,
stagefederate.starbucks.com,X,
uploads.scm.starbucks.com,X,
testcdhapps-oid.starbucks.com,X,
cloudid-dev.starbucks.com,X,
mypartnerinfo-ext.starbucks.com,X,
hybrid.starbucks.com,X,
wcmsvcs.starbucks.com,X,
test8-iad.starbucks.com,X,
edam.starbucks.com,X,
promotions.starbucks.com,X,
render.scmtest.starbucks.com,X,
certupgpospa1.starbucks.com,X,
rsi.starbucks.com,X,
secureui2.starbucks.com,X,
mpi.starbucks.com,X,
sts-vis.starbucks.com,X,
test3www.starbucks.com,X,
kdreq-a.starbucks.com,X,
retail.starbucks.com,X,
pegasus.starbucks.com,X,
itsm.starbucks.com,X,
gasianet.starbucks.com,X,
awconsole-cert.starbucks.com,X,
members.starbucks.com,X,
community.starbucks.com,X,
produpgpospa1-dr.starbucks.com,X,
pwss.starbucks.com,X,
sts-vis1.starbucks.com,X,
orderingprofile.starbucks.com,X,
msdev-sts.starbucks.com,X,
devcrmapps.starbucks.com,X,
previewczcs.starbucks.com,X,
xss.starbucks.com,X,
ipm-dev.starbucks.com,X,
sso-group.starbucks.com,X,
selfservice.starbucks.com,X,
sts-vis-cloud3.starbucks.com,X,
certupgpospa2.starbucks.com,X,
productioncontroller.starbucks.com,X,
activesync-iad2.starbucks.com,X,
stagesecureui.starbucks.com,X,
aw.starbucks.com,X,
groupon.starbucks.com,X,
tst1crmapps.starbucks.com,X,
bi-cert-mstr-web.starbucks.com,X,
devcdhapps.starbucks.com,X,
devcdhapps-oid.starbucks.com,X,
wfmnapaypc.starbucks.com,X,
mcdn-edge-cert.starbucks.com,X,
sts-vis-cert-cloud1.starbucks.com,X,
play.starbucks.com,X,
sts-vis-cert-cloud4.starbucks.com,X,
sts-vis-cloud4.starbucks.com,X,
sts-vis-cert-main.starbucks.com,X,
id-dev.gtm.starbucks.com,X,
globalpreview.starbucks.com,X,
stagecaen.starbucks.com,X,
mta1.em.insights.starbucks.com,X,
previewbrpt.starbucks.com,X,
test15-chd.starbucks.com,X,
sts-vis-cert-cloud3.gtm.starbucks.com,X,
cpath-iad.starbucks.com,X,
archive.starbucks.com,X,
id.gtm.starbucks.com,X,
eapi-np.gtm.starbucks.com,X,
mcdn-edge.starbucks.com,X,
pwss-chd2.starbucks.com,X,
stageusen.starbucks.com,X,
sts-vis-dev-cloud1.gtm.starbucks.com,X,
id-cert.gtm.starbucks.com,X,
sts-vis-dev-cloud3.gtm.starbucks.com,X,
awconsole-cert.gtm.starbucks.com,X,
previewvnvi.starbucks.com,X,
previewtrtr.starbucks.com,X,
previewuken.starbucks.com,X,
wcmsvcs-iad.starbucks.com,X,
appcafe.gtm.starbucks.com,X,
sts-vis-cert-cloud2-iad.starbucks.com,X,
t02-3-ag.productioncontroller.starbucks.com,X,
cert-communities-ec3.starbucks.com,X,
previewvnen.starbucks.com,X,
sts-vis-cert-cloud3-iad.starbucks.com,X,
appcafe-cert-iad.starbucks.com,X,
test2-iad.starbucks.com,X,
pdx-asp-st.starbucks.com,X,
sts-vis-cert-cloud3.starbucks.com,X,
bomgaratlaskyn.starbucks.com,X,
test14globalsecureui.starbucks.com,X,
mta432.a.starbucks.com,X,
shipper-ssyst.starbucks.com,X,
testglobalassetshost.starbucks.com,X,
testbnen.starbucks.com,X,
ews-iad2.starbucks.com,X,
awcm.gtm.starbucks.com,X,
shipper.gtm.starbucks.com,X,
testgsen.starbucks.com,X,
d03-1-ag.productioncontroller.starbucks.com,X,
toolshub.starbucks.com,X,
focus-rest.starbucks.com,X,
en-gb.test.starbucks.com,X,
crl.gtm.starbucks.com,X,
dr-sorry.starbucks.com,X,
previewusen.starbucks.com,X,
sts-vis-cloud2.starbucks.com,X,
eapi-scmariba-st.gtm.starbucks.com,X,
bomgar-chd.starbucks.com,X,
docstest.starbucks.com,X,
sso-group0-chd.starbucks.com,X,
shipper-cert.gtm.starbucks.com,X,
sts-vis-cert-cloud2.starbucks.com,X,
sts-vis3-chd.starbucks.com,X,
sso-group-iad.starbucks.com,X,
previewares.starbucks.com,X,
previewdede.starbucks.com,X,
awapi.starbucks.com,X,
alumni.starbucks.com,X,
bomgar-iad.starbucks.com,X,
testsdlwww.starbucks.com,X,
previewcaen.starbucks.com,X,
outlook-iad.starbucks.com,X,
previewplen.starbucks.com,X,
demostore.starbucks.com,X,
deepbrew.starbucks.com,X,
previewgren.starbucks.com,X,
coffeeexperiences.starbucks.com,X,
edap-preprod.starbucks.com,X,
autodiscover-iad2.starbucks.com,X,
smreporting-v9-a.starbucks.com,X,
cpath-chd.starbucks.com,X,
sts-vis1-chd.starbucks.com,X,
datapulse-app.starbucks.com,X,
sus-chd.starbucks.com,X,
sts-vis-cert-cloud1-iad.starbucks.com,X,
previewnlnl.starbucks.com,X,
sts-vis0-chd.starbucks.com,X,
previewbnen.starbucks.com,X,
previewchde.starbucks.com,X,
previewcafr.starbucks.com,X,
coffeeexpo2021.starbucks.com,X,
ariba-asp.starbucks.com,X,
fr-fr.test.starbucks.com,X,
testapi-chd.starbucks.com,X,
t02-ssa.productioncontroller.starbucks.com,X,
appcafe-chd.starbucks.com,X,
previewuzen.starbucks.com,X,
pd.ucp.starbucks.com,X,
eapi-scmariba-sd.gtm.starbucks.com,X,
appcafe-cert-chd.starbucks.com,X,
ipm-chd.starbucks.com,X,
webmail-chd.starbucks.com,X,
previewbgbg.starbucks.com,X,
soa-test.gtm.starbucks.com,X,
hybrid-iad2.starbucks.com,X,
www.mexico.starbucks.com,X,
previewhkzh.starbucks.com,X,
testsecurepaymentprocessor.starbucks.com,X,
eapi-scmariba.starbucks.com,X,
testsecurepaymenthub.starbucks.com,X,
previewchen.starbucks.com,X,
d02.productioncontroller.starbucks.com,X,
previewinen.starbucks.com,X,
loadsecurepaymentprocessor.starbucks.com,X,
pdx-cert.starbucks.com,X,
dr-federate.starbucks.com,X,
pf.ucp.starbucks.com,X,
d01-1-ag.productioncontroller.starbucks.com,X,
focus-rest-pd.starbucks.com,X,
media.scm.starbucks.com,X,
previewaten.starbucks.com,X,
sts-vis-dev1-chd.starbucks.com,X,
stagesecureui-chd.starbucks.com,X,
eapi-p.starbucks.com,X,
cert-departments-ec3.starbucks.com,X,
ldap-iad.starbucks.com,X,
sts-vis-cloud4-iad.starbucks.com,X,
stagehost-chd.starbucks.com,X,
sts-vis-main.starbucks.com,X,
kdreq-a-v9.starbucks.com,X,
bi-cap-tbuat.starbucks.com,X,
previewroen.starbucks.com,X,
fintech-asp-ct.starbucks.com,X,
previewfrfr.starbucks.com,X,
connectadmindev.starbucks.com,X,
sts-vis-dev2-chd.starbucks.com,X,
blogs-chd.starbucks.com,X,
previewcoes.starbucks.com,X,
testpartnercentral.starbucks.com,X,
bicap-tb.starbucks.com,X,
previewatde.starbucks.com,X,
api.ngsaas.beta.starbucks.com,X,
sts-vis-dev-cloud3-chd.starbucks.com,X,
previewhuhu.starbucks.com,X,
edap.starbucks.com,X,
e02.spc.starbucks.com,X,
api-chd.starbucks.com,X,
previewcles.starbucks.com,X,
storedesign-st.starbucks.com,X,
global-wcmsvcs-chd.starbucks.com,X,
previewthth.starbucks.com,X,
test1-owa.starbucks.com,X,
previeweses.starbucks.com,X,
ctoutage.starbucks.com,X,
sts-vis-dev0-chd.starbucks.com,X,
previewmyen.starbucks.com,X,
d-cpath-iad.starbucks.com,X,
scm-asp.starbucks.com,X,
globalstandards.starbucks.com,X,
stagesecurepaymentprocessor.starbucks.com,X,
test16-chd.starbucks.com,X,
avatars.scm.starbucks.com,X,
connectdev.starbucks.com,X,
testusen-sec.starbucks.com,X,
previewplpl.starbucks.com,X,
cdx-atm-sd.starbucks.com,X,
sbux-viz.starbucks.com,X,
testusen-chd.starbucks.com,X,
previewhken.starbucks.com,X,
cashmgmt-prod-iad.starbucks.com,X,
stagedigital-chd.starbucks.com,X,
compass-prodb.starbucks.com,X,
stg-coffeeexpo2021.starbucks.com,X,
binrepo.starbucks.com,X,
previewieen.starbucks.com,X,
activesync-iad.starbucks.com,X,
loadapi-chd.starbucks.com,X,
previewgrel.starbucks.com,X,
sorry-chd.starbucks.com,X,
dr-acme.starbucks.com,X,
gd.ucp.starbucks.com,X,
www-iad.starbucks.com,X,
cert-mysite-ec3.starbucks.com,X,
globalwcmsvcs2.starbucks.com,X,
reval-cert.starbucks.com,X,
previewczen.starbucks.com,X,
stage.ucp.starbucks.com,X,
shipper.starbucks.com,X,
pdx-asp.starbucks.com,X,
pf.spc.starbucks.com,X,
previewphen.starbucks.com,X,
connectstaging.starbucks.com,X,
acme-chd.starbucks.com,X,
test6-iad.starbucks.com,X,
s03-ssa.productioncontroller.starbucks.com,X,
previewmxes.starbucks.com,X,
r01-1-ag.productioncontroller.starbucks.com,X,
digitalcart-test.starbucks.com,X,
stagesecurepaymenthub.starbucks.com,X,
securepaymentprocessor.starbucks.com,X,
shipper-sand.starbucks.com,X,
load.ucp.starbucks.com,X,
testwww5.starbucks.com,X,
storedesign.starbucks.com,X,
connectinteg.starbucks.com,X,
testwww6.starbucks.com,X,
datapulse-dev.starbucks.com,X,
test14securepaymenthub.starbucks.com,X,
ms-sts-chd.starbucks.com,X,
datapulse-uat-app.starbucks.com,X,
ct.ucp.starbucks.com,X,
previewseen.starbucks.com,X,
testwww2.starbucks.com,X,
load-ideas-origin.test.starbucks.com,X,
d02-ssa.productioncontroller.starbucks.com,X,
www.thestarbucksmarket.starbucks.com,X,
loadassets.starbucks.com,X,
workspace-chd.starbucks.com,X,
d.mx.m.e.starbucks.com,X,
f.ns.e.starbucks.com,X,
a.mx.m.e.starbucks.com,X,
m.e.starbucks.com,X,
b.e.starbucks.com,X,
reg.e.starbucks.com,X,
e.starbucks.com,X,
tsticommerceagent.starbucks.com,X,
loadglobalassets.starbucks.com,X,
en-us.test.starbucks.com,X,
e.stories.starbucks.com,X,
raf.e.starbucks.com,X,
d.mx.b.e.starbucks.com,X,
c.ns.e.starbucks.com,X,
c.mx.b.e.starbucks.com,X,
e.ns.e.starbucks.com,X,
b.mx.b.e.starbucks.com,X,
b.mx.m.e.starbucks.com,X,
d.ns.e.starbucks.com,X,
a.mx.b.e.starbucks.com,X,
a.ns.e.starbucks.com,X,
en-ca.test.starbucks.com,X,
app.test.starbucks.com,X,
b.ns.e.starbucks.com,X,
c.mx.m.e.starbucks.com,X,
ebm.e.starbucks.com,X,
b.mx.a.starbucks.com,X,
icommerceagent.starbucks.com,X,
a.mx.e.starbucks.com,X,
customerservice.starbucks.com,X,
ny7p01lppmta282.e.starbucks.com,X,
ordering.starbucks.com,X,
bi-gis-cert.starbucks.com,X,
prodedqapps.starbucks.com,X,
sgsmsuppliertest.starbucks.com,X,
bi-gis-dev.starbucks.com,X,
cms.starbucks.com,X,
en-ie.test.starbucks.com,X,
produpgpospa1.starbucks.com,X,
biuat-cap.starbucks.com,X,
green.starbucks.com,X,
intl.starbucks.com,X,
loadgreen.starbucks.com,X,
x.a.starbucks.com,X,
stagecaenstore.starbucks.com,X,
loadwww.starbucks.com,X,
testsecurehost.openapi.starbucks.com,X,
ie.starbucks.com,X,
jobs.starbucks.com,X,
quality.starbucks.com,X,
stage.openapi.starbucks.com,X,
prodltycrmapps-dr.starbucks.com,X,
summer.starbucks.com,X,
stagecafrstore.starbucks.com,X,
eastus.digitalcart-cert.starbucks.com,X,
test8www.starbucks.com,X,
loadsecureui.starbucks.com,X,
wfmnalcndv.starbucks.com,X,
stagestore.starbucks.com,X,
wfmnalcnst.starbucks.com,X,
www.starbucks.com,X,
certcrmpospa2-dr.starbucks.com,X,
ordering-prod-a-profile.starbucks.com,X,
wfmnaposst.starbucks.com,X,
phantom.starbucks.com,X,
sso-cert-group.starbucks.com,X,
yourespresso.starbucks.com,X,
wfmnapimdv.starbucks.com,X,
compass-prod.starbucks.com,X,
mobility-cert.starbucks.com,X,
prodcdhapps-oid.starbucks.com,X,
digitalcart-dev.starbucks.com,X,
svcardproxyloadus.starbucks.com,X,
eastus.digitalcart-dev.starbucks.com,X,
wfmnalcnct.starbucks.com,X,
certpospa1.starbucks.com,X,
secureui.starbucks.com,X,
digital.starbucks.com,X,
svcardproxyus.starbucks.com,X,
prodcdhapps.starbucks.com,X,
owa.starbucks.com,X,
win.mena.starbucks.com,X,
cloudapps.starbucks.com,X,
globalstage.starbucks.com,X,
wfmnapimct.starbucks.com,X,
stagefrenstore.starbucks.com,X,
storiesadmin.starbucks.com,X,
test1-iad.starbucks.com,X,
wfmnarptpc.starbucks.com,X,
wfmnapim.starbucks.com,X,
eapi-load.starbucks.com,X,
wfmnaposdv.starbucks.com,X,
stagededestore.starbucks.com,X,
workspace.starbucks.com,X,
oem-omcs.starbucks.com,X,
bi-dc-retail.starbucks.com,X,
sorry.starbucks.com,X,
testusen7store.starbucks.com,X,
departments.starbucks.com,X,
www.athome.starbucks.com,X,
historias.starbucks.com,X,
ocsp.starbucks.com,X,
dev.ucp.starbucks.com,X,
stagewcmsvcs.starbucks.com,X,
stageaten.starbucks.com,X,
storiesapi.starbucks.com,X,
test11.openapi.starbucks.com,X,
certcdhapps.starbucks.com,X,
test12.openapi.starbucks.com,X,
stories.starbucks.com,X,
dev.api.martech.starbucks.com,X,
mexico.starbucks.com,X,
sdlgreensecure.starbucks.com,X,
sbux-viz-dev.starbucks.com,X,
refer.starbucks.com,X,
mobility-us-az.starbucks.com,X,
test4www.starbucks.com,X,
jdsbeta.starbucks.com,X,
wfmnapay.starbucks.com,X,
reviews.starbucks.com,X,
trace-api-cert.starbucks.com,X,
spc.starbucks.com,X,
pi.spc.starbucks.com,X,
eapi-np.starbucks.com,X,
workspace-cert.starbucks.com,X,
trace-api-psdev.starbucks.com,X,
trace-systest.starbucks.com,X,
loadsecurepostback.openapi.starbucks.com,X,
produpgpospa2.starbucks.com,X,
autodiscover.starbucks.com,X,
dev.mfa.starbucks.com,X,
achecker.starbucks.com,X,
load.mfa.starbucks.com,X,
prodcrmpospa1-dr.starbucks.com,X,
test10.openapi.starbucks.com,X,
testweb.starbucks.com,X,
test18.openapi.starbucks.com,X,
sdrc.starbucks.com,X,
test3.openapi.starbucks.com,X,
test9.openapi.starbucks.com,X,
stageusenstore.starbucks.com,X,
ariba-asp-sd.starbucks.com,X,
bi-ri-dr.starbucks.com,X,
devedqapps.starbucks.com,X,
pro-asp-api-test.starbucks.com,X,
mobility-us-va.starbucks.com,X,
retailwebaccessemea.starbucks.com,X,
eapi-pd.starbucks.com,X,
d02-tm.productioncontroller.starbucks.com,X,
eapi-sd.starbucks.com,X,
ct.spc.starbucks.com,X,
id-dev.starbucks.com,X,
jssdev.starbucks.com,X,
txnmid-a-v9.starbucks.com,X,
cloudid.starbucks.com,X,
cdx-prod-api.starbucks.com,X,
blonde.starbucks.com,X,
cdx-pi.starbucks.com,X,
smreporting.starbucks.com,X,
sgsmdev.starbucks.com,X,
testsecurepostback.openapi.starbucks.com,X,
connectadmin.starbucks.com,X,
assets.scmtest.starbucks.com,X,
sco-asp-sd.starbucks.com,X,
wfmnapimpc.starbucks.com,X,
prod00.gifts.starbucks.com,X,
ct01.gifts.starbucks.com,X,
trace-api-dev.starbucks.com,X,
sts-vis-cloud1.starbucks.com,X,
assetshost.starbucks.com,X,
mobile.starbucks.com,X,
workspace-dev.starbucks.com,X,
load.sei.starbucks.com,X,
mock.sei.starbucks.com,X,
prod.sei.starbucks.com,X,
retailwebappschd.starbucks.com,X,
appcafe-iad.starbucks.com,X,
assets.starbucks.com,X,
securehost.openapi.starbucks.com,X,
digitalcontent-origin.starbucks.com,X,
eapi-ps.starbucks.com,X,
stage-digitalcontent-origin.starbucks.com,X,
t02.spc.starbucks.com,X,
p01-tm.productioncontroller.starbucks.com,X,
test.openapi.starbucks.com,X,
chdlyncedge01.starbucks.com,X,
gr.starbucks.com,X,
mobilecard.starbucks.com,X,
codeload.scm.starbucks.com,X,
blog.starbucks.com,X,
cappromo.starbucks.com,X,
eapi-scmariba-st.starbucks.com,X,
eapi-ss.starbucks.com,X,
stageglobalsecureui.starbucks.com,X,
globalassets.starbucks.com,X,
a.starbucks.com,X,
developers.starbucks.com,X,
test.ucp.starbucks.com,X,
teams.starbucks.com,X,
wfmnaptndv.starbucks.com,X,
digitalcart-cert.starbucks.com,X,
stars.starbucks.com,X,
datacafe-test.starbucks.com,X,
master.api.martech.starbucks.com,X,
d.ns.e.stories.starbucks.com,X,
awcm-cert.starbucks.com,X,
a.mx.a.starbucks.com,X,
microsite.starbucks.com,X,
redeemtweet.starbucks.com,X,
test2.openapi.starbucks.com,X,
preview.cert.starbucks.com,X,
ld01.gifts.starbucks.com,X,
p1-031157.e.starbucks.com,X,
wfmnapayct.starbucks.com,X,
wfmnapospc.starbucks.com,X,
trace-psdev.starbucks.com,X,
dev.sei.starbucks.com,X,
testuken.starbucks.com,X,
mysite.starbucks.com,X,
psl.starbucks.com,X,
outlook.starbucks.com,X,
origin-www.starbucks.com,X,
api.martech.starbucks.com,X,
mail.starbucks.com,X,
appcafe-cert.gtm.starbucks.com,X,
s03-1-ag.productioncontroller.starbucks.com,X,
l.e.starbucks.com,X,
wifiaccept.starbucks.com,X,
wfmnaptnps.starbucks.com,X,
scm.starbucks.com,X,
host.openapi.starbucks.com,X,
certltycrmapps-dr.starbucks.com,X,
ideas.starbucks.com,X,
mail-iad.starbucks.com,X,
globalwcmsvcs.starbucks.com,X,
scoapportal.starbucks.com,X,
p1-031159.e.starbucks.com,X,
morestars.starbucks.com,X,
activesync.starbucks.com,X,
x.e.starbucks.com,X,
p01-1-ag.productioncontroller.starbucks.com,X,
wfmnapayst.starbucks.com,X,
test4.openapi.starbucks.com,X,
connectadmintest.starbucks.com,X,
test19.openapi.starbucks.com,X,
corporateorders.starbucks.com,X,
certcrmpospa1-dr.starbucks.com,X,
t02-1-ag.productioncontroller.starbucks.com,X,
mail-kyn.starbucks.com,X,
mrs1.starbucks.com,X,
raw.scmtest.starbucks.com,X,
tea.starbucks.com,X,
cloudappsiad.starbucks.com,X,
ucpr.starbucks.com,X,
ldap.starbucks.com,X,
cashmgmt-prod.starbucks.com,X,
test20.openapi.starbucks.com,X,
testfederate.starbucks.com,X,
prodcrmasp-dr.starbucks.com,X,
pledge5.starbucks.com,X,
prodcrmapps-oid.starbucks.com,X,
search.starbucks.com,X,
via.starbucks.com,X,
acme.starbucks.com,X,
p1-201157.e.starbucks.com,X,
testglobalsecureui.starbucks.com,X,
red.starbucks.com,X,
cloudappschd.starbucks.com,X,
blogs.starbucks.com,X,
me.starbucks.com,X,
wfmnalcnps.starbucks.com,X,
suslab.starbucks.com,X,
p1-201156.e.starbucks.com,X,
achecker-iad.starbucks.com,X,
testhken.starbucks.com,X,
testczcs.starbucks.com,X,
retailwebappsiad.starbucks.com,X,
testcles.starbucks.com,X,
l.a.starbucks.com,X,
e.ns.a.starbucks.com,X,
ariba-asp-st.starbucks.com,X,
ordering-prod-a.starbucks.com,X,
loadfederate.starbucks.com,X,
testhost.openapi.starbucks.com,X,
www.me.starbucks.com,X,
stage.mfa.starbucks.com,X,
testruen.starbucks.com,X,
c.ns.a.starbucks.com,X,
p1-031156.e.starbucks.com,X,
mcdn.starbucks.com,X,
f.ns.a.starbucks.com,X,
mydaily.starbucks.com,X,
mobility3.starbucks.com,X,
ny7p01lppmta281.e.starbucks.com,X,
test16.openapi.starbucks.com,X,
stagesecureui-iad.starbucks.com,X,
spectrum-ct.starbucks.com,X,
remote.starbucks.com,X,
wfmnalcn.starbucks.com,X,
appcafe-cert.starbucks.com,X,
ct.ucpc.starbucks.com,X,
test6.openapi.starbucks.com,X,
scm-asp-sd.starbucks.com,X,
t02.productioncontroller.starbucks.com,X,
philippines.starbucks.com,X,
bits.starbucks.com,X,
ccm-help.starbucks.com,X,
d02.spc.starbucks.com,X,
stageukenstore.starbucks.com,X,
sso-group0.starbucks.com,X,
scm-asp-ct.starbucks.com,X,
testwcmsvcs.starbucks.com,X,
relay.starbucks.com,X,
sim.starbucks.com,X,
retail-training-videos.starbucks.com,X,
lstech-asp-pd.starbucks.com,X,
wfmnapimps.starbucks.com,X,
sgsmsupplier.starbucks.com,X,
stageconnect.starbucks.com,X,
sts-vis-cloud1-iad.starbucks.com,X,
mdpjs-westus.starbucks.com,X,
loadsecurepayment.starbucks.com,X,
sd-asp.starbucks.com,X,
wifi.starbucks.com,X,
w.a.starbucks.com,X,
wfmnaptn.starbucks.com,X,
a.ns.e.stories.starbucks.com,X,
retailwebaccessiad.starbucks.com,X,
main.mfa.starbucks.com,X,
cloudappsemea.starbucks.com,X,
mta835.e.starbucks.com,X,
stagefrfrstore.starbucks.com,X,
datacafe-dev.starbucks.com,X,
testcoes.starbucks.com,X,
prodbi.starbucks.com,X,
testcyel.starbucks.com,X,
cdx.starbucks.com,X,
testeses.starbucks.com,X,
prod00.mfa.starbucks.com,X,
retail-level-3.starbucks.com,X,
stable.api.martech.starbucks.com,X,
testcaen.starbucks.com,X,
testnonb.starbucks.com,X,
pd01.gifts.starbucks.com,X,
ld00.mfa.starbucks.com,X,
b.ns.a.starbucks.com,X,
testthth.starbucks.com,X,
eapi-pi.starbucks.com,X,
testhkzh.starbucks.com,X,
investor.starbucks.com,X,
s03.productioncontroller.starbucks.com,X,
communities-ec3.starbucks.com,X,
id-cert.starbucks.com,X,
testvnvi.starbucks.com,X,
testruru.starbucks.com,X,
mi.starbucks.com,X,
testvnen.starbucks.com,X,
archergrc.starbucks.com,X,
mta834.e.starbucks.com,X,
testiden.starbucks.com,X,
jiratest.starbucks.com,X,
b.mx.e.starbucks.com,X,
eastus-svcardproxyus.starbucks.com,X,
livingourvalues.starbucks.com,X,
bomgaratlas03.starbucks.com,X,
bomgarlab.starbucks.com,X,
e.ns.e.stories.starbucks.com,X,
sts-vis-cloud3-iad.starbucks.com,X,
l.e.stories.starbucks.com,X,
ext.starbucks.com,X,
stageuken.starbucks.com,X,
load.openapi.starbucks.com,X,
federate.starbucks.com,X,
developer.starbucks.com,X,
pd00.gifts.starbucks.com,X,
reply.scmtest.starbucks.com,X,
w.e.starbucks.com,X,
api.np.playbuilder.starbucks.com,X,
c.ns.e.stories.starbucks.com,X,
www.solutions.starbucks.com,X,
sts-vis-dev-cloud1.starbucks.com,X,
ariba-asp-ct.starbucks.com,X,
cupmagic.starbucks.com,X,
raw.scm.starbucks.com,X,
dialin.starbucks.com,X,
media.scmtest.starbucks.com,X,
geo.starbucks.com,X,
sbux-viz-cert.starbucks.com,X,
certcdhapps-oid.starbucks.com,X,
np.sei.starbucks.com,X,
assets.scm.starbucks.com,X,
bomgaratlas02.starbucks.com,X,
wfmnarpt.starbucks.com,X,
gist.scmtest.starbucks.com,X,
ct00.mfa.starbucks.com,X,
pd01.mfa.starbucks.com,X,
globalstagewcmsvcs.starbucks.com,X,
f.ns.e.stories.starbucks.com,X,
fp.starbucks.com,X,
auth-iad.starbucks.com,X,
eastus-svcardproxyloadus.starbucks.com,X,
scmtest.starbucks.com,X,
ct00.gifts.starbucks.com,X,
orchestra.starbucks.com,X,
test13.openapi.starbucks.com,X,
eastus-svcardproxydevus.starbucks.com,X,
b.ns.e.stories.starbucks.com,X,
athome.starbucks.com,X,
testhuhu.starbucks.com,X,
spectrum.starbucks.com,X,
bi-test-mstr-web.starbucks.com,X,
test14federate.starbucks.com,X,
wfmnarptps.starbucks.com,X,
bi-cap-tb.starbucks.com,X,
wfmnarptst.starbucks.com,X,
test8.openapi.starbucks.com,X,
d.ns.a.starbucks.com,X,
testsecureui.starbucks.com,X,
test17.openapi.starbucks.com,X,
storelink-owa.starbucks.com,X,
scmdev.starbucks.com,X,
eastus-svcardproxytestus.starbucks.com,X,
ps01.gifts.starbucks.com,X,
westus-svcardproxyus.starbucks.com,X,
securepayment.starbucks.com,X,
eapi-scmariba-sd.starbucks.com,X,
d02-1-ag.productioncontroller.starbucks.com,X,
ucp.starbucks.com,X,
pages.scm.starbucks.com,X,
test.developer.starbucks.com,X,
b.mx.e.stories.starbucks.com,X,
eapi-dev.starbucks.com,X,
wfmnaptnpc.starbucks.com,X,
testchde.starbucks.com,X,
testzaen.starbucks.com,X,
apps.starbucks.com,X,
testthen.starbucks.com,X,
test7.openapi.starbucks.com,X,
sat.starbucks.com,X,
intg.mfa.starbucks.com,X,
s03-tm.productioncontroller.starbucks.com,X,
meet.starbucks.com,X,
ps.spc.starbucks.com,X,
testmyen.starbucks.com,X,
testassets.starbucks.com,X,
trace.starbucks.com,X,
testplpl.starbucks.com,X,
retailwebaccesschd.starbucks.com,X,
wfmnalcnpc.starbucks.com,X,
oapi.starbucks.com,X,
testbrpt.starbucks.com,X,
testkhen.starbucks.com,X,
testusen.starbucks.com,X,
events.starbucks.com,X,
wfmnaposps.starbucks.com,X,
mrs2.starbucks.com,X,
test1.openapi.starbucks.com,X,
svcardproxytestus.starbucks.com,X,
bi-ri.starbucks.com,X,
testgrel.starbucks.com,X,
wfmnaptnct.starbucks.com,X,
retailwebappsemea.starbucks.com,X,
scm-asp-st.starbucks.com,X,
sixevents-api.starbucks.com,X,
awcm.starbucks.com,X,
creative.starbucks.com,X,
i.a.starbucks.com,X,
datacafe.starbucks.com,X,
cert-digitalcontent-origin.starbucks.com,X,
mcdn-cert.starbucks.com,X,
sts-vis-dev-cloud2.starbucks.com,X,
cert.starbucks.com,X,
scoapportaltest.starbucks.com,X,
prodpospa1.starbucks.com,X,
wfmnapos.starbucks.com,X,
rsi-rv.starbucks.com,X,
share.starbucks.com,X,
sts-vis-dev-cloud3.starbucks.com,X,
ps00.mfa.starbucks.com,X,
happyhour.starbucks.com,X,
mdpjs.nonprod.starbucks.com,X,
test17securepayment.starbucks.com,X,
lyncdiscover.starbucks.com,X,
t02-tm.productioncontroller.starbucks.com,X,
mta440.a.starbucks.com,X,
mdpjs.nonprod2.starbucks.com,X,
partner-ec3.starbucks.com,X,
atlas.starbucks.com,X,
api.playbuilder.starbucks.com,X,
prodpospa2.starbucks.com,X,
search-ec3.starbucks.com,X,
testglobalassets.starbucks.com,X,
www2.starbucks.com,X,
w.e.stories.starbucks.com,X,
wfmnaposct.starbucks.com,X,
cdx-ss.starbucks.com,X,
bomgaratlaschd.starbucks.com,X,
stagesecurepayment.starbucks.com,X,
eapi.starbucks.com,X,
ld00.gifts.starbucks.com,X,
pdx.starbucks.com,X,
ps00.gifts.starbucks.com,X,
docs.starbucks.com,X,
redeemtweetauth.starbucks.com,X,
spectrum-api.starbucks.com,X,
testares.starbucks.com,X,
gist.scm.starbucks.com,X,
x.e.stories.starbucks.com,X,
mobility4.starbucks.com,X,
test14securepostback.openapi.starbucks.com,X,
uploads.scmtest.starbucks.com,X,
cdx-ps.starbucks.com,X,
bomgarchd.starbucks.com,X,
a.ns.a.starbucks.com,X,
givegood.starbucks.com,X,
testatde.starbucks.com,X,
testphen.starbucks.com,X,
trace-cert.starbucks.com,X,
testinen.starbucks.com,X,
jss.starbucks.com,X,
testtrtr.starbucks.com,X,
stage.sei.starbucks.com,X,
devinternal.gifting.starbucks.com,X,
test8securepostback.openapi.starbucks.com,X,
help.starbucks.com,X,
rsi-wat.starbucks.com,X,
sentry.starbucks.com,X,
de-de.test.starbucks.com,X,
testnlnl.starbucks.com,X,
inmail-kyn.starbucks.com,X,
testdede.starbucks.com,X,
mysite-ec3.starbucks.com,X,
deepbrew-preprod-api.starbucks.com,X,
pd.spc.starbucks.com,X,
app.load.starbucks.com,X,
gsoc-help.starbucks.com,X,
fb1.starbucks.com,X,
hybrisdevmail.starbucks.com,X,
dev.starbucks.com,X,
testroro.starbucks.com,X,
odyssey.starbucks.com,X,
content-prod-live.cert.starbucks.com,X,
ehd-help.starbucks.com,X,
sbuxhost101.starbucks.com,X,
departments-ec3.starbucks.com,X,
sbuxhost100.starbucks.com,X,
insight.starbucks.com,X,
stagesecurehost-iad.openapi.starbucks.com,X,
spectrum-pd.starbucks.com,X,
roast.starbucks.com,X,
toolshub-ec3.starbucks.com,X,
testchen.starbucks.com,X,
testptpt.starbucks.com,X,
testieen.starbucks.com,X,
stageglobalassets.starbucks.com,X,
sus.gtm.starbucks.com,X,
sts-vis-dev-cloud4-iad.starbucks.com,X,
loadsecurepaymenthub.starbucks.com,X,
sts-vis-cert2-iad.starbucks.com,X,
d01.productioncontroller.starbucks.com,X,
cloudapps.gtm.starbucks.com,X,
edap-nonprod.starbucks.com,X,
papercut-iad.starbucks.com,X,
previewptpt.starbucks.com,X,
previewiden.starbucks.com,X,
eapi-p.gtm.starbucks.com,X,
fintech-asp-sd.starbucks.com,X,
previewruru.starbucks.com,X,
cdx-atm-pd.starbucks.com,X,
connectadmininteg.starbucks.com,X,
ucpr-jp.starbucks.com,X,
www.historias.starbucks.com,X,
a.mx.e.stories.starbucks.com,X,
mypartnerinfo-ext.gtm.starbucks.com,X,
pdx-asp-ct.starbucks.com,X,
communities.starbucks.com,X,
previewhuen.starbucks.com,X,
r01-ssa.productioncontroller.starbucks.com,X,
previewsesv.starbucks.com,X,
sdcatalog.starbucks.com,X,
partnercentral.starbucks.com,X,
activesync-iad3.starbucks.com,X,
r01-3-ag.productioncontroller.starbucks.com,X,
traceability.starbucks.com,X,
cdx-atm-ct.starbucks.com,X,
msdev-sts-chd.starbucks.com,X,
d03.productioncontroller.starbucks.com,X,
fr-ca.test.starbucks.com,X,
globalstandardstest.starbucks.com,X,
mydailytest.starbucks.com,X,
previewchfr.starbucks.com,X,
westus.digitalcart.starbucks.com,X,
sdcatalogadmin-pd.starbucks.com,X,
connectadminstaging.starbucks.com,X,
eastus.digitalcart.starbucks.com,X,
fintech-asp.starbucks.com,X,
d02-3-ag.productioncontroller.starbucks.com,X,
datapulse.starbucks.com,X,
cdx-atm-ps.starbucks.com,X,
digitalcart.starbucks.com,X,
d03-ssa.productioncontroller.starbucks.com,X,
previewthen.starbucks.com,X,
previewroro.starbucks.com,X,
previewbren.starbucks.com,X,
focus-rest-ct.starbucks.com,X,
datapulse-uat.starbucks.com,X,
eastus.digitalcart-test.starbucks.com,X,
d03-2-ag.productioncontroller.starbucks.com,X,
deepbrewbeta-prod-api.starbucks.com,X,
r01.productioncontroller.starbucks.com,X,
em924.refer.starbucks.com,X,
www.test.starbucks.com,X,
pt-br.test.starbucks.com,X,
roastery.starbucks.com,X,
f.a.starbucks.com,X,
preview.test.starbucks.com,X,
coffeeblogs.starbucks.com,X,
f.e.starbucks.com,X,
wfmnapayps.starbucks.com,X,
codeload.scmtest.starbucks.com,X,
app.starbucks.com,X,
reply.scm.starbucks.com,X,
beta.starbucks.com,X,
wfmnapaydv.starbucks.com,X,
test14.openapi.starbucks.com,X,
test15.openapi.starbucks.com,X,
connecttest.starbucks.com,X,
pro-asp-api.starbucks.com,X,
cdx-sd.starbucks.com,X,
cdx-pd.starbucks.com,X,
mta440.e.starbucks.com,X,
pdx-qa.starbucks.com,X,
sus.starbucks.com,X,
westus.digitalcart-cert.starbucks.com,X,
ucpc.starbucks.com,X,
integration.ucpc.starbucks.com,X,
pro-asp-api-dev.starbucks.com,X,
wfmnarptct.starbucks.com,X,
jsslab.starbucks.com,X,
pro-asp-api-cert.starbucks.com,X,
prod.athome.starbucks.com,X,
tazoteatime.starbucks.com,X,
testchfr.starbucks.com,X,
sso-group2.starbucks.com,X,
testnzen.starbucks.com,X,
wfmnaptnst.starbucks.com,X,
bomgarwest.starbucks.com,X,
bomgareast.starbucks.com,X,
wfmnapimst.starbucks.com,X,
retail-ec3.starbucks.com,X,
hybrisstgmail.starbucks.com,X,
trace-dev.starbucks.com,X,
wfmnarptdv.starbucks.com,X,
mydailydev.starbucks.com,X,
ny7p01lppmta283.e.starbucks.com,X,
pages.scmtest.starbucks.com,X,
preview.starbucks.com,X,
sd-asp-ct.starbucks.com,X,
testfrfr.starbucks.com,X,
testbgbg.starbucks.com,X,
avatars.scmtest.starbucks.com,X,
trace-api.starbucks.com,X,
app.dev.starbucks.com,X,
testmxes.starbucks.com,X,
testpees.starbucks.com,X,
hybrisprodmail.starbucks.com,X,
dr-www.starbucks.com,X,
spectrum-dev.starbucks.com,X,
load-digitalcontent-origin.starbucks.com,X,
svcardproxydevus.starbucks.com,X,
westus.digitalcart-dev.starbucks.com,X,
mta432.e.starbucks.com,X,
bomgaratlas01.starbucks.com,X,
trace-api-systest.starbucks.com,X,
pf.ucpc.starbucks.com,X,
bomgaratlasiad.starbucks.com,X,
sip.starbucks.com,X,
testaten.starbucks.com,X,
ny7p01lppmta258.e.starbucks.com,X,
ws1.starbucks.com,X,
test.sei.starbucks.com,X,
rsi-rlp.starbucks.com,X,
bomgariad.starbucks.com,X,
deepbrew-prod-api.starbucks.com,X,
testkzkk.starbucks.com,X,
prod01.gifts.starbucks.com,X,
sts-vis-dev-cloud4.starbucks.com,X,
eapi-ct.starbucks.com,X,
teams-ec3.starbucks.com,X,
newsassets.starbucks.com,X,
bcassets.starbucks.com,X,
testcafr.starbucks.com,X,
stageatde.starbucks.com,X,
sso-group-chd.starbucks.com,X,
sdcatalog-ct.starbucks.com,X,
sdcatalog-st.starbucks.com,X,
stagesorry-iad.starbucks.com,X,
shipper-cert.starbucks.com,X,
activesync.gtm.starbucks.com,X,
prism-poc.sdcatalog.starbucks.com,X,
westus.digitalcart-test.starbucks.com,X,
d01-ssa.productioncontroller.starbucks.com,X,
previewruen.starbucks.com,X,
eapi-gd.starbucks.com,X,
datapulse-dev-app.starbucks.com,X,
cdx-atm-gd.starbucks.com,X,
previewbgen.starbucks.com,X,
datapulse-test-app.starbucks.com,X,
previewnlen.starbucks.com,X,
ps.ucp.starbucks.com,X,
CRT.SH,X,
loadsecureui.starbucks.com.br,X,
pdx-asp-sd.starbucks.com,X,
www.starbucks.com.ar,X,
mobility4.starbucks.com.cn,X,
starbucks.com,X,
s03-3-ag.productioncontroller.starbucks.com,X,
www.starbucks.com.cy,X,
www.starbucks.com.my,X,
p01-3-ag.productioncontroller.starbucks.com,X,
ssa.productioncontroller.starbucks.com,X,
starbucks.com.bn,X,
www.starbucks.com.bn,X,
www.starbucks.com.pe,X,
www.starbucks.com.tr,X,
www.starbucks.com.hk,X,
en.starbucks.com.cy,X,
www.starbucks.com.kz,X,
www.starbucks.com.mx,X,
zh.starbucks.com.hk,X,
www.starbucks.com.co,X,
www.starbucks.com.gr,X,
www.starbucks.com.kh,X,
pt-br.test.starbucks.com.br,X,
starbucks.com.br,X,
stagesecureui.starbucks.com.br,X,
www.starbucks.com.uy,X,
www.starbucks.com.br,X,
en.starbucks.com.gr,X,
secureui.starbucks.com.br,X,
testsecureui.starbucks.com.br,X,
testwww.starbucks.com.br,X,